userName,firstName,lastName,email,userPassword
orbab,Or,Steinmetz,or17121999@gmail.com,1234
eladst,Elad,Steinmetz,eladsteinmetz0@gmail.com,1234
netas,Neta,Sadi,netas@gmail.com,1234
shaharb,Shahar,Babkoff,s.babkoff@gmail.com,1234
emunar,Emuna,Rimon,erimon@gmail.com,1234
hilat,Hila,Tico,ticoh@gmail.com,1234
avivr,Aviv,Reznik,avivrez@gmail.com,1234
yaelmin,Yael,Minkov,yaelmin@gmail.com,1234
yaelb,Yael,Babkoff,yaelb@gmail.com,1234
oris,Ori,Sadi,sori@gmail.com,1234
